Title,Description,Link,Media URL,Pinterest board,Publish date
Free 17 Addition Math Worksheet For Grade 5 With Answers | Printable Practice,Free printable Addition worksheet for Grade 5. Perfect for homeschool practice and classroom activities.,https://mathworksheetkidslab.github.io/html/free-17-addition-math-worksheet-for-grade-5-with-answers-3950.html,https://mathworksheetkidslab.github.io/images/free-17-addition-math-worksheet-for-grade-5-with-answers-3950.jpg,Math Practice Printables,03/17/2026 08:31:00 AM
Grade 1 Count and Color Shapes Worksheet,Printable Count and Color worksheet designed for Grade 1 students. Easy and fun math practice.,https://mathworksheetkidslab.github.io/html/grade-1-count-and-color-shapes-worksheet-4261.html,https://mathworksheetkidslab.github.io/images/grade-1-count-and-color-shapes-worksheet-4261.jpg,Math Practice Printables,03/17/2026 11:01:00 AM
Free Counting Objects Worksheet For Kindergarten - Part 3 | Printable Practice,Free printable Counting Objects worksheet for Kindergarten. Perfect for homeschool practice and classroom activities.,https://mathworksheetkidslab.github.io/html/free-counting-objects-worksheet-for-kindergarten-part-3-1974.html,https://mathworksheetkidslab.github.io/images/free-counting-objects-worksheet-for-kindergarten-part-3-1974.jpg,Elementary Math Activities,03/17/2026 01:22:00 PM
Free 18 Division Math Worksheet For Grade 2 - Part 4 | Printable Practice,Fun and engaging Division worksheet for Grade 2. Perfect printable math practice.,https://mathworksheetkidslab.github.io/html/free-18-division-math-worksheet-for-grade-2-part-4-8232.html,https://mathworksheetkidslab.github.io/images/free-18-division-math-worksheet-for-grade-2-part-4-8232.jpg,Homeschool Math,03/17/2026 04:35:00 PM
Printable Math Questions Quiz Worksheet for Teens,Printable Math worksheet designed for Math students. Easy and fun math practice.,https://mathworksheetkidslab.github.io/html/printable-math-questions-quiz-worksheet-for-teens-4804.html,https://mathworksheetkidslab.github.io/images/printable-math-questions-quiz-worksheet-for-teens-4804.jpg,Kids Math Worksheets,03/17/2026 08:25:00 PM
Missing Number Math Worksheet,Printable Missing Number worksheet designed for Grade 1 students. Easy and fun math practice.,https://mathworksheetkidslab.github.io/html/missing-number-math-worksheet-8082.html,https://mathworksheetkidslab.github.io/images/missing-number-math-worksheet-8082.jpg,Math Practice Printables,03/18/2026 08:30:00 AM
Mixed Operations Math Worksheet,Help kids master Mixed Operations with this printable worksheet for Grade 3. Great for daily math practice.,https://mathworksheetkidslab.github.io/html/mixed-operations-math-worksheet-2078.html,https://mathworksheetkidslab.github.io/images/mixed-operations-math-worksheet-2078.jpg,Elementary Math Activities,03/18/2026 11:00:00 AM
Grade 2 Multiplication Practice Worksheet (18 Problems) - Part 8 | Printable Practice,Teachers and parents love this Multiplication worksheet for Grade 2. Download and print instantly.,https://mathworksheetkidslab.github.io/html/grade-2-multiplication-practice-worksheet-18-problems-part-8-3582.html,https://mathworksheetkidslab.github.io/images/grade-2-multiplication-practice-worksheet-18-problems-part-8-3582.jpg,Kids Math Worksheets,03/18/2026 01:29:00 PM
Grade 2 Subtraction Practice Worksheet (24 Problems) - Part 9 | Printable Practice,Free printable Subtraction worksheet for Grade 2. Perfect for homeschool practice and classroom activities.,https://mathworksheetkidslab.github.io/html/grade-2-subtraction-practice-worksheet-24-problems-part-9-9186.html,https://mathworksheetkidslab.github.io/images/grade-2-subtraction-practice-worksheet-24-problems-part-9-9186.jpg,Kids Math Worksheets,03/18/2026 04:26:00 PM
Grade 3 Multiplication Table 6 Practice - Part 10 | Printable Practice,Help kids master Times Table with this printable worksheet for Grade 3. Great for daily math practice.,https://mathworksheetkidslab.github.io/html/grade-3-multiplication-table-6-practice-part-10-2066.html,https://mathworksheetkidslab.github.io/images/grade-3-multiplication-table-6-practice-part-10-2066.jpg,Math Practice Printables,03/18/2026 08:36:00 PM
Printable Tracing Worksheet For Kids - Part 11 | Free Printable,Free printable Tracing worksheet for Preschool. Perfect for homeschool practice and classroom activities.,https://mathworksheetkidslab.github.io/html/printable-tracing-worksheet-for-kids-part-11-8964.html,https://mathworksheetkidslab.github.io/images/printable-tracing-worksheet-for-kids-part-11-8964.jpg,Kids Math Worksheets,03/19/2026 08:37:00 AM
Math Word Problem Worksheet,Printable Word Problem worksheet designed for Grade 3 students. Easy and fun math practice.,https://mathworksheetkidslab.github.io/html/math-word-problem-worksheet-6992.html,https://mathworksheetkidslab.github.io/images/math-word-problem-worksheet-6992.jpg,Printable Worksheets,03/19/2026 11:02:00 AM
Free 25 Addition Math Worksheet For Grade 1 With Answers - Part 13 | Printable Practice,Help kids master Addition with this printable worksheet for Grade 1. Great for daily math practice.,https://mathworksheetkidslab.github.io/html/free-25-addition-math-worksheet-for-grade-1-with-answers-part-13-7283.html,https://mathworksheetkidslab.github.io/images/free-25-addition-math-worksheet-for-grade-1-with-answers-part-13-7283.jpg,Elementary Math Activities,03/19/2026 01:28:00 PM
Free Preschool Count and Color Worksheet,Help kids master Count and Color with this printable worksheet for Preschool. Great for daily math practice.,https://mathworksheetkidslab.github.io/html/free-preschool-count-and-color-worksheet-9487.html,https://mathworksheetkidslab.github.io/images/free-preschool-count-and-color-worksheet-9487.jpg,Elementary Math Activities,03/19/2026 04:34:00 PM
Free Counting Objects Worksheet For Kindergarten Printable - Part 15 | Printable Practice,Printable Counting Objects worksheet designed for Kindergarten students. Easy and fun math practice.,https://mathworksheetkidslab.github.io/html/free-counting-objects-worksheet-for-kindergarten-printable-part-15-6391.html,https://mathworksheetkidslab.github.io/images/free-counting-objects-worksheet-for-kindergarten-printable-part-15-6391.jpg,Homeschool Math,03/19/2026 08:30:00 PM
Printable Free 10 Division Math Worksheet For Grade 2 - Part 16 | Printable Practice,Teachers and parents love this Division worksheet for Grade 2. Download and print instantly.,https://mathworksheetkidslab.github.io/html/printable-free-10-division-math-worksheet-for-grade-2-part-16-1179.html,https://mathworksheetkidslab.github.io/images/printable-free-10-division-math-worksheet-for-grade-2-part-16-1179.jpg,Kids Math Worksheets,03/20/2026 08:33:00 AM
4 Mathematics Quiz,Help kids master Math with this printable worksheet for Math. Great for daily math practice.,https://mathworksheetkidslab.github.io/html/4-mathematics-quiz-1234.html,https://mathworksheetkidslab.github.io/images/4-mathematics-quiz-1234.jpg,Printable Worksheets,03/20/2026 11:00:00 AM
Missing Number Math Worksheet,Fun and engaging Missing Number worksheet for Grade 1. Perfect printable math practice.,https://mathworksheetkidslab.github.io/html/missing-number-math-worksheet-2298.html,https://mathworksheetkidslab.github.io/images/missing-number-math-worksheet-2298.jpg,Kids Math Worksheets,03/20/2026 01:22:00 PM
Mixed Operations Math Worksheet,Fun and engaging Mixed Operations worksheet for Grade 3. Perfect printable math practice.,https://mathworksheetkidslab.github.io/html/mixed-operations-math-worksheet-2625.html,https://mathworksheetkidslab.github.io/images/mixed-operations-math-worksheet-2625.jpg,Math Practice Printables,03/20/2026 04:24:00 PM
Free 28 Multiplication Math Worksheet For Grade 2 With Answers - Part 20 | Printable Practice,Fun and engaging Multiplication worksheet for Grade 2. Perfect printable math practice.,https://mathworksheetkidslab.github.io/html/free-28-multiplication-math-worksheet-for-grade-2-with-answers-part-20-7557.html,https://mathworksheetkidslab.github.io/images/free-28-multiplication-math-worksheet-for-grade-2-with-answers-part-20-7557.jpg,Math Practice Printables,03/20/2026 08:38:00 PM
Grade 3 Subtraction Practice Worksheet (23 Problems) - Part 21 | Printable Practice,Printable Subtraction worksheet designed for Grade 3 students. Easy and fun math practice.,https://mathworksheetkidslab.github.io/html/grade-3-subtraction-practice-worksheet-23-problems-part-21-1531.html,https://mathworksheetkidslab.github.io/images/grade-3-subtraction-practice-worksheet-23-problems-part-21-1531.jpg,Kids Math Worksheets,03/21/2026 08:24:00 AM
3 Times Table Worksheet For Grade 2 With Answers - Part 22 | Printable Practice,Printable Times Table worksheet designed for Grade 2 students. Easy and fun math practice.,https://mathworksheetkidslab.github.io/html/3-times-table-worksheet-for-grade-2-with-answers-part-22-4043.html,https://mathworksheetkidslab.github.io/images/3-times-table-worksheet-for-grade-2-with-answers-part-22-4043.jpg,Kids Math Worksheets,03/21/2026 11:00:00 AM
Printable Tracing Worksheet For Kids - Part 23 | Free Printable,Teachers and parents love this Tracing worksheet for Preschool. Download and print instantly.,https://mathworksheetkidslab.github.io/html/printable-tracing-worksheet-for-kids-part-23-9457.html,https://mathworksheetkidslab.github.io/images/printable-tracing-worksheet-for-kids-part-23-9457.jpg,Homeschool Math,03/21/2026 01:25:00 PM
Math Word Problem Worksheet,Fun and engaging Word Problem worksheet for Grade 3. Perfect printable math practice.,https://mathworksheetkidslab.github.io/html/math-word-problem-worksheet-2589.html,https://mathworksheetkidslab.github.io/images/math-word-problem-worksheet-2589.jpg,Math Practice Printables,03/21/2026 04:29:00 PM
Free 17 Addition Math Worksheet For Grade 1 With Answers - Part 25 | Printable Practice,Free printable Addition worksheet for Grade 1. Perfect for homeschool practice and classroom activities.,https://mathworksheetkidslab.github.io/html/free-17-addition-math-worksheet-for-grade-1-with-answers-part-25-6959.html,https://mathworksheetkidslab.github.io/images/free-17-addition-math-worksheet-for-grade-1-with-answers-part-25-6959.jpg,Kids Math Worksheets,03/21/2026 08:38:00 PM
4 Free Count and Color Worksheets for Grade 1,Fun and engaging Count and Color worksheet for Grade 1. Perfect printable math practice.,https://mathworksheetkidslab.github.io/html/4-free-count-and-color-worksheets-for-grade-1-1293.html,https://mathworksheetkidslab.github.io/images/4-free-count-and-color-worksheets-for-grade-1-1293.jpg,Kids Math Worksheets,03/22/2026 08:24:00 AM
Free Counting Objects Worksheet For Pre-K - Part 27 | Printable Practice,Free printable Counting Objects worksheet for Pre-K. Perfect for homeschool practice and classroom activities.,https://mathworksheetkidslab.github.io/html/free-counting-objects-worksheet-for-pre-k-part-27-7691.html,https://mathworksheetkidslab.github.io/images/free-counting-objects-worksheet-for-pre-k-part-27-7691.jpg,Homeschool Math,03/22/2026 11:00:00 AM
Printable Free 29 Division Math Worksheet For Grade 2 - Part 28 | Printable Practice,Help kids master Division with this printable worksheet for Grade 2. Great for daily math practice.,https://mathworksheetkidslab.github.io/html/printable-free-29-division-math-worksheet-for-grade-2-part-28-6199.html,https://mathworksheetkidslab.github.io/images/printable-free-29-division-math-worksheet-for-grade-2-part-28-6199.jpg,Homeschool Math,03/22/2026 01:36:00 PM
8 Mathematics Problem Set Worksheet,Help kids master Math with this printable worksheet for Math. Great for daily math practice.,https://mathworksheetkidslab.github.io/html/8-mathematics-problem-set-worksheet-8798.html,https://mathworksheetkidslab.github.io/images/8-mathematics-problem-set-worksheet-8798.jpg,Homeschool Math,03/22/2026 04:33:00 PM
Missing Number Math Worksheet,Free printable Missing Number worksheet for Grade 1. Perfect for homeschool practice and classroom activities.,https://mathworksheetkidslab.github.io/html/missing-number-math-worksheet-8375.html,https://mathworksheetkidslab.github.io/images/missing-number-math-worksheet-8375.jpg,Kids Math Worksheets,03/22/2026 08:36:00 PM
Mixed Operations Math Worksheet,Teachers and parents love this Mixed Operations worksheet for Grade 3. Download and print instantly.,https://mathworksheetkidslab.github.io/html/mixed-operations-math-worksheet-5095.html,https://mathworksheetkidslab.github.io/images/mixed-operations-math-worksheet-5095.jpg,Printable Worksheets,03/23/2026 08:23:00 AM
Free 26 Multiplication Math Worksheet For Grade 2 With Answers - Part 32 | Printable Practice,Help kids master Multiplication with this printable worksheet for Grade 2. Great for daily math practice.,https://mathworksheetkidslab.github.io/html/free-26-multiplication-math-worksheet-for-grade-2-with-answers-part-32-4294.html,https://mathworksheetkidslab.github.io/images/free-26-multiplication-math-worksheet-for-grade-2-with-answers-part-32-4294.jpg,Math Practice Printables,03/23/2026 11:05:00 AM
Free 28 Subtraction Math Worksheet For Grade 5 With Answers - Part 33 | Printable Practice,Help kids master Subtraction with this printable worksheet for Grade 5. Great for daily math practice.,https://mathworksheetkidslab.github.io/html/free-28-subtraction-math-worksheet-for-grade-5-with-answers-part-33-6767.html,https://mathworksheetkidslab.github.io/images/free-28-subtraction-math-worksheet-for-grade-5-with-answers-part-33-6767.jpg,Homeschool Math,03/23/2026 01:29:00 PM
7 Times Table Worksheet For Grade 3 - Part 34 | Printable Practice,Printable Times Table worksheet designed for Grade 3 students. Easy and fun math practice.,https://mathworksheetkidslab.github.io/html/7-times-table-worksheet-for-grade-3-part-34-7698.html,https://mathworksheetkidslab.github.io/images/7-times-table-worksheet-for-grade-3-part-34-7698.jpg,Math Practice Printables,03/23/2026 04:23:00 PM
Printable Tracing Worksheet For Kids - Part 35 | Free Printable,Free printable Tracing worksheet for Preschool. Perfect for homeschool practice and classroom activities.,https://mathworksheetkidslab.github.io/html/printable-tracing-worksheet-for-kids-part-35-2051.html,https://mathworksheetkidslab.github.io/images/printable-tracing-worksheet-for-kids-part-35-2051.jpg,Printable Worksheets,03/23/2026 08:35:00 PM
Math Word Problem Worksheet,Fun and engaging Word Problem worksheet for Grade 3. Perfect printable math practice.,https://mathworksheetkidslab.github.io/html/math-word-problem-worksheet-3134.html,https://mathworksheetkidslab.github.io/images/math-word-problem-worksheet-3134.jpg,Elementary Math Activities,03/24/2026 08:33:00 AM
Grade 1 Addition Practice Worksheet (18 Problems) - Part 37 | Printable Practice,Help kids master Addition with this printable worksheet for Grade 1. Great for daily math practice.,https://mathworksheetkidslab.github.io/html/grade-1-addition-practice-worksheet-18-problems-part-37-6934.html,https://mathworksheetkidslab.github.io/images/grade-1-addition-practice-worksheet-18-problems-part-37-6934.jpg,Kids Math Worksheets,03/24/2026 11:05:00 AM
"Count and Color Car, Star, Car Worksheet for Kids",Teachers and parents love this Count and Color worksheet for Grade 1. Download and print instantly.,https://mathworksheetkidslab.github.io/html/count-and-color-car-star-car-worksheet-for-kids-7306.html,https://mathworksheetkidslab.github.io/images/count-and-color-car-star-car-worksheet-for-kids-7306.jpg,Printable Worksheets,03/24/2026 01:22:00 PM
Free Counting Objects Worksheet For Kindergarten Printable - Part 39 | Printable Practice,Printable Counting Objects worksheet designed for Kindergarten students. Easy and fun math practice.,https://mathworksheetkidslab.github.io/html/free-counting-objects-worksheet-for-kindergarten-printable-part-39-7002.html,https://mathworksheetkidslab.github.io/images/free-counting-objects-worksheet-for-kindergarten-printable-part-39-7002.jpg,Kids Math Worksheets,03/24/2026 04:34:00 PM
Grade 2 Division Practice Worksheet (15 Problems) - Part 40 | Printable Practice,Free printable Division worksheet for Grade 2. Perfect for homeschool practice and classroom activities.,https://mathworksheetkidslab.github.io/html/grade-2-division-practice-worksheet-15-problems-part-40-1683.html,https://mathworksheetkidslab.github.io/images/grade-2-division-practice-worksheet-15-problems-part-40-1683.jpg,Printable Worksheets,03/24/2026 08:36:00 PM
Free Printable Math Knowledge Test Practice Worksheet for Teens,Help kids master Math with this printable worksheet for Math. Great for daily math practice.,https://mathworksheetkidslab.github.io/html/free-printable-math-knowledge-test-practice-worksheet-for-teens-2691.html,https://mathworksheetkidslab.github.io/images/free-printable-math-knowledge-test-practice-worksheet-for-teens-2691.jpg,Homeschool Math,03/25/2026 08:27:00 AM
Missing Number Math Worksheet,Teachers and parents love this Missing Number worksheet for Grade 1. Download and print instantly.,https://mathworksheetkidslab.github.io/html/missing-number-math-worksheet-4616.html,https://mathworksheetkidslab.github.io/images/missing-number-math-worksheet-4616.jpg,Math Practice Printables,03/25/2026 11:04:00 AM
Mixed Operations Math Worksheet,Fun and engaging Mixed Operations worksheet for Grade 3. Perfect printable math practice.,https://mathworksheetkidslab.github.io/html/mixed-operations-math-worksheet-3625.html,https://mathworksheetkidslab.github.io/images/mixed-operations-math-worksheet-3625.jpg,Elementary Math Activities,03/25/2026 01:25:00 PM
Free 29 Multiplication Math Worksheet For Grade 1 - Part 44 | Printable Practice,Help kids master Multiplication with this printable worksheet for Grade 1. Great for daily math practice.,https://mathworksheetkidslab.github.io/html/free-29-multiplication-math-worksheet-for-grade-1-part-44-8070.html,https://mathworksheetkidslab.github.io/images/free-29-multiplication-math-worksheet-for-grade-1-part-44-8070.jpg,Printable Worksheets,03/25/2026 04:27:00 PM
Grade 3 Subtraction Practice Worksheet (25 Problems) - Part 45 | Printable Practice,Help kids master Subtraction with this printable worksheet for Grade 3. Great for daily math practice.,https://mathworksheetkidslab.github.io/html/grade-3-subtraction-practice-worksheet-25-problems-part-45-5114.html,https://mathworksheetkidslab.github.io/images/grade-3-subtraction-practice-worksheet-25-problems-part-45-5114.jpg,Math Practice Printables,03/25/2026 08:29:00 PM
2 Times Table Worksheet For Grade 2 - Part 46 | Printable Practice,Printable Times Table worksheet designed for Grade 2 students. Easy and fun math practice.,https://mathworksheetkidslab.github.io/html/2-times-table-worksheet-for-grade-2-part-46-6008.html,https://mathworksheetkidslab.github.io/images/2-times-table-worksheet-for-grade-2-part-46-6008.jpg,Printable Worksheets,03/26/2026 08:30:00 AM
Printable Tracing Worksheet For Kids - Part 47 | Free Printable,Help kids master Tracing with this printable worksheet for Kindergarten. Great for daily math practice.,https://mathworksheetkidslab.github.io/html/printable-tracing-worksheet-for-kids-part-47-6308.html,https://mathworksheetkidslab.github.io/images/printable-tracing-worksheet-for-kids-part-47-6308.jpg,Kids Math Worksheets,03/26/2026 11:00:00 AM
Math Word Problem Worksheet,Printable Word Problem worksheet designed for Grade 3 students. Easy and fun math practice.,https://mathworksheetkidslab.github.io/html/math-word-problem-worksheet-6577.html,https://mathworksheetkidslab.github.io/images/math-word-problem-worksheet-6577.jpg,Math Practice Printables,03/26/2026 01:38:00 PM
Free 22 Addition Math Worksheet For Grade 1 With Answers - Part 49 | Printable Practice,Teachers and parents love this Addition worksheet for Grade 1. Download and print instantly.,https://mathworksheetkidslab.github.io/html/free-22-addition-math-worksheet-for-grade-1-with-answers-part-49-6447.html,https://mathworksheetkidslab.github.io/images/free-22-addition-math-worksheet-for-grade-1-with-answers-part-49-6447.jpg,Kids Math Worksheets,03/26/2026 04:34:00 PM
Kindergarten Count and Color Shapes Worksheet,Teachers and parents love this Count and Color worksheet for Kindergarten. Download and print instantly.,https://mathworksheetkidslab.github.io/html/kindergarten-count-and-color-shapes-worksheet-8394.html,https://mathworksheetkidslab.github.io/images/kindergarten-count-and-color-shapes-worksheet-8394.jpg,Homeschool Math,03/26/2026 08:33:00 PM
Free Counting Objects Worksheet For Kindergarten - Part 51 | Printable Practice,Free printable Counting Objects worksheet for Kindergarten. Perfect for homeschool practice and classroom activities.,https://mathworksheetkidslab.github.io/html/free-counting-objects-worksheet-for-kindergarten-part-51-8093.html,https://mathworksheetkidslab.github.io/images/free-counting-objects-worksheet-for-kindergarten-part-51-8093.jpg,Homeschool Math,03/27/2026 08:31:00 AM
Printable Free 30 Division Math Worksheet For Grade 1 - Part 52 | Printable Practice,Printable Division worksheet designed for Grade 1 students. Easy and fun math practice.,https://mathworksheetkidslab.github.io/html/printable-free-30-division-math-worksheet-for-grade-1-part-52-3709.html,https://mathworksheetkidslab.github.io/images/printable-free-30-division-math-worksheet-for-grade-1-part-52-3709.jpg,Elementary Math Activities,03/27/2026 11:03:00 AM
4 Mathematics Practice Quiz Worksheet,Free printable Math worksheet for Math. Perfect for homeschool practice and classroom activities.,https://mathworksheetkidslab.github.io/html/4-mathematics-practice-quiz-worksheet-6141.html,https://mathworksheetkidslab.github.io/images/4-mathematics-practice-quiz-worksheet-6141.jpg,Homeschool Math,03/27/2026 01:26:00 PM
Missing Number Math Worksheet,Fun and engaging Missing Number worksheet for Grade 1. Perfect printable math practice.,https://mathworksheetkidslab.github.io/html/missing-number-math-worksheet-5909.html,https://mathworksheetkidslab.github.io/images/missing-number-math-worksheet-5909.jpg,Elementary Math Activities,03/27/2026 04:38:00 PM
Mixed Operations Math Worksheet,Teachers and parents love this Mixed Operations worksheet for Grade 3. Download and print instantly.,https://mathworksheetkidslab.github.io/html/mixed-operations-math-worksheet-8624.html,https://mathworksheetkidslab.github.io/images/mixed-operations-math-worksheet-8624.jpg,Math Practice Printables,03/27/2026 08:26:00 PM
Grade 2 Multiplication Practice Worksheet (25 Problems) - Part 56 | Printable Practice,Free printable Multiplication worksheet for Grade 2. Perfect for homeschool practice and classroom activities.,https://mathworksheetkidslab.github.io/html/grade-2-multiplication-practice-worksheet-25-problems-part-56-3832.html,https://mathworksheetkidslab.github.io/images/grade-2-multiplication-practice-worksheet-25-problems-part-56-3832.jpg,Homeschool Math,03/28/2026 08:25:00 AM
Free 20 Subtraction Math Worksheet For Grade 2 With Answers - Part 57 | Printable Practice,Printable Subtraction worksheet designed for Grade 2 students. Easy and fun math practice.,https://mathworksheetkidslab.github.io/html/free-20-subtraction-math-worksheet-for-grade-2-with-answers-part-57-1204.html,https://mathworksheetkidslab.github.io/images/free-20-subtraction-math-worksheet-for-grade-2-with-answers-part-57-1204.jpg,Math Practice Printables,03/28/2026 11:00:00 AM
6 Times Table Worksheet For Grade 3 - Part 58 | Printable Practice,Free printable Times Table worksheet for Grade 3. Perfect for homeschool practice and classroom activities.,https://mathworksheetkidslab.github.io/html/6-times-table-worksheet-for-grade-3-part-58-1686.html,https://mathworksheetkidslab.github.io/images/6-times-table-worksheet-for-grade-3-part-58-1686.jpg,Printable Worksheets,03/28/2026 01:38:00 PM
Printable Tracing Worksheet For Kids - Part 59 | Free Printable,Teachers and parents love this Tracing worksheet for Preschool. Download and print instantly.,https://mathworksheetkidslab.github.io/html/printable-tracing-worksheet-for-kids-part-59-4449.html,https://mathworksheetkidslab.github.io/images/printable-tracing-worksheet-for-kids-part-59-4449.jpg,Homeschool Math,03/28/2026 04:32:00 PM
Math Word Problem Worksheet,Free printable Word Problem worksheet for Grade 3. Perfect for homeschool practice and classroom activities.,https://mathworksheetkidslab.github.io/html/math-word-problem-worksheet-2159.html,https://mathworksheetkidslab.github.io/images/math-word-problem-worksheet-2159.jpg,Elementary Math Activities,03/28/2026 08:37:00 PM
Free 24 Addition Math Worksheet For Grade 5 - Part 61 | Printable Practice,Teachers and parents love this Addition worksheet for Grade 5. Download and print instantly.,https://mathworksheetkidslab.github.io/html/free-24-addition-math-worksheet-for-grade-5-part-61-3463.html,https://mathworksheetkidslab.github.io/images/free-24-addition-math-worksheet-for-grade-5-part-61-3463.jpg,Math Practice Printables,03/29/2026 08:26:00 AM
Free Preschool Count and Color Worksheet,Help kids master Count and Color with this printable worksheet for Preschool. Great for daily math practice.,https://mathworksheetkidslab.github.io/html/free-preschool-count-and-color-worksheet-4306.html,https://mathworksheetkidslab.github.io/images/free-preschool-count-and-color-worksheet-4306.jpg,Kids Math Worksheets,03/29/2026 11:00:00 AM
Free Counting Objects Worksheet For Pre-K Printable - Part 63 | Printable Practice,Printable Counting Objects worksheet designed for Pre-K students. Easy and fun math practice.,https://mathworksheetkidslab.github.io/html/free-counting-objects-worksheet-for-pre-k-printable-part-63-2757.html,https://mathworksheetkidslab.github.io/images/free-counting-objects-worksheet-for-pre-k-printable-part-63-2757.jpg,Math Practice Printables,03/29/2026 01:26:00 PM
Free 19 Division Math Worksheet For Grade 2 With Answers - Part 64 | Printable Practice,Fun and engaging Division worksheet for Grade 2. Perfect printable math practice.,https://mathworksheetkidslab.github.io/html/free-19-division-math-worksheet-for-grade-2-with-answers-part-64-1594.html,https://mathworksheetkidslab.github.io/images/free-19-division-math-worksheet-for-grade-2-with-answers-part-64-1594.jpg,Printable Worksheets,03/29/2026 04:34:00 PM
7 Math Challenge for Students,Free printable Math worksheet for Math. Perfect for homeschool practice and classroom activities.,https://mathworksheetkidslab.github.io/html/7-math-challenge-for-students-7613.html,https://mathworksheetkidslab.github.io/images/7-math-challenge-for-students-7613.jpg,Elementary Math Activities,03/29/2026 08:30:00 PM
Missing Number Math Worksheet,Teachers and parents love this Missing Number worksheet for Grade 1. Download and print instantly.,https://mathworksheetkidslab.github.io/html/missing-number-math-worksheet-9846.html,https://mathworksheetkidslab.github.io/images/missing-number-math-worksheet-9846.jpg,Homeschool Math,03/30/2026 08:35:00 AM
Mixed Operations Math Worksheet,Help kids master Mixed Operations with this printable worksheet for Grade 3. Great for daily math practice.,https://mathworksheetkidslab.github.io/html/mixed-operations-math-worksheet-7902.html,https://mathworksheetkidslab.github.io/images/mixed-operations-math-worksheet-7902.jpg,Elementary Math Activities,03/30/2026 11:01:00 AM
Free 28 Multiplication Math Worksheet For Grade 2 - Part 68 | Printable Practice,Fun and engaging Multiplication worksheet for Grade 2. Perfect printable math practice.,https://mathworksheetkidslab.github.io/html/free-28-multiplication-math-worksheet-for-grade-2-part-68-9120.html,https://mathworksheetkidslab.github.io/images/free-28-multiplication-math-worksheet-for-grade-2-part-68-9120.jpg,Homeschool Math,03/30/2026 01:27:00 PM
Free 16 Subtraction Math Worksheet For Grade 5 - Part 69 | Printable Practice,Fun and engaging Subtraction worksheet for Grade 5. Perfect printable math practice.,https://mathworksheetkidslab.github.io/html/free-16-subtraction-math-worksheet-for-grade-5-part-69-3997.html,https://mathworksheetkidslab.github.io/images/free-16-subtraction-math-worksheet-for-grade-5-part-69-3997.jpg,Math Practice Printables,03/30/2026 04:33:00 PM
11 Times Table Worksheet For Grade 4 - Part 70 | Printable Practice,Free printable Times Table worksheet for Grade 4. Perfect for homeschool practice and classroom activities.,https://mathworksheetkidslab.github.io/html/11-times-table-worksheet-for-grade-4-part-70-1833.html,https://mathworksheetkidslab.github.io/images/11-times-table-worksheet-for-grade-4-part-70-1833.jpg,Math Practice Printables,03/30/2026 08:31:00 PM
Printable Tracing Worksheet For Kids - Part 71 | Free Printable,Printable Tracing worksheet designed for Kindergarten students. Easy and fun math practice.,https://mathworksheetkidslab.github.io/html/printable-tracing-worksheet-for-kids-part-71-8283.html,https://mathworksheetkidslab.github.io/images/printable-tracing-worksheet-for-kids-part-71-8283.jpg,Kids Math Worksheets,03/31/2026 08:35:00 AM
Math Word Problem Worksheet,Teachers and parents love this Word Problem worksheet for Grade 3. Download and print instantly.,https://mathworksheetkidslab.github.io/html/math-word-problem-worksheet-1900.html,https://mathworksheetkidslab.github.io/images/math-word-problem-worksheet-1900.jpg,Math Practice Printables,03/31/2026 11:00:00 AM
Printable Free 12 Addition Math Worksheet For Grade 1 - Part 73 | Printable Practice,Fun and engaging Addition worksheet for Grade 1. Perfect printable math practice.,https://mathworksheetkidslab.github.io/html/printable-free-12-addition-math-worksheet-for-grade-1-part-73-8065.html,https://mathworksheetkidslab.github.io/images/printable-free-12-addition-math-worksheet-for-grade-1-part-73-8065.jpg,Math Practice Printables,03/31/2026 01:29:00 PM
Free Kindergarten Count and Color Worksheet,Free printable Count and Color worksheet for Kindergarten. Perfect for homeschool practice and classroom activities.,https://mathworksheetkidslab.github.io/html/free-kindergarten-count-and-color-worksheet-7151.html,https://mathworksheetkidslab.github.io/images/free-kindergarten-count-and-color-worksheet-7151.jpg,Math Practice Printables,03/31/2026 04:30:00 PM
Free Counting Objects Worksheet For Kindergarten - Part 75 | Printable Practice,Fun and engaging Counting Objects worksheet for Kindergarten. Perfect printable math practice.,https://mathworksheetkidslab.github.io/html/free-counting-objects-worksheet-for-kindergarten-part-75-1481.html,https://mathworksheetkidslab.github.io/images/free-counting-objects-worksheet-for-kindergarten-part-75-1481.jpg,Kids Math Worksheets,03/31/2026 08:38:00 PM
Free 25 Division Math Worksheet For Grade 2 - Part 76 | Printable Practice,Teachers and parents love this Division worksheet for Grade 2. Download and print instantly.,https://mathworksheetkidslab.github.io/html/free-25-division-math-worksheet-for-grade-2-part-76-9954.html,https://mathworksheetkidslab.github.io/images/free-25-division-math-worksheet-for-grade-2-part-76-9954.jpg,Kids Math Worksheets,04/01/2026 08:28:00 AM
Printable Math Challenge Practice Worksheet for Students,Printable Math worksheet designed for Math students. Easy and fun math practice.,https://mathworksheetkidslab.github.io/html/printable-math-challenge-practice-worksheet-for-students-1716.html,https://mathworksheetkidslab.github.io/images/printable-math-challenge-practice-worksheet-for-students-1716.jpg,Homeschool Math,04/01/2026 11:00:00 AM
Missing Number Math Worksheet,Teachers and parents love this Missing Number worksheet for Grade 1. Download and print instantly.,https://mathworksheetkidslab.github.io/html/missing-number-math-worksheet-8590.html,https://mathworksheetkidslab.github.io/images/missing-number-math-worksheet-8590.jpg,Kids Math Worksheets,04/01/2026 01:27:00 PM
Mixed Operations Math Worksheet,Help kids master Mixed Operations with this printable worksheet for Grade 3. Great for daily math practice.,https://mathworksheetkidslab.github.io/html/mixed-operations-math-worksheet-9349.html,https://mathworksheetkidslab.github.io/images/mixed-operations-math-worksheet-9349.jpg,Printable Worksheets,04/01/2026 04:28:00 PM
Free 22 Multiplication Math Worksheet For Grade 2 - Part 80 | Printable Practice,Fun and engaging Multiplication worksheet for Grade 2. Perfect printable math practice.,https://mathworksheetkidslab.github.io/html/free-22-multiplication-math-worksheet-for-grade-2-part-80-4408.html,https://mathworksheetkidslab.github.io/images/free-22-multiplication-math-worksheet-for-grade-2-part-80-4408.jpg,Elementary Math Activities,04/01/2026 08:35:00 PM
Grade 3 Subtraction Practice Worksheet (24 Problems) - Part 81 | Printable Practice,Fun and engaging Subtraction worksheet for Grade 3. Perfect printable math practice.,https://mathworksheetkidslab.github.io/html/grade-3-subtraction-practice-worksheet-24-problems-part-81-3118.html,https://mathworksheetkidslab.github.io/images/grade-3-subtraction-practice-worksheet-24-problems-part-81-3118.jpg,Elementary Math Activities,04/02/2026 08:29:00 AM
6 Times Table Worksheet For Grade 3 - Part 82 | Printable Practice,Fun and engaging Times Table worksheet for Grade 3. Perfect printable math practice.,https://mathworksheetkidslab.github.io/html/6-times-table-worksheet-for-grade-3-part-82-5922.html,https://mathworksheetkidslab.github.io/images/6-times-table-worksheet-for-grade-3-part-82-5922.jpg,Math Practice Printables,04/02/2026 11:02:00 AM
Printable Tracing Worksheet For Kids - Part 83 | Free Printable,Help kids master Tracing with this printable worksheet for Preschool. Great for daily math practice.,https://mathworksheetkidslab.github.io/html/printable-tracing-worksheet-for-kids-part-83-7023.html,https://mathworksheetkidslab.github.io/images/printable-tracing-worksheet-for-kids-part-83-7023.jpg,Elementary Math Activities,04/02/2026 01:29:00 PM
Math Word Problem Worksheet,Teachers and parents love this Word Problem worksheet for Grade 3. Download and print instantly.,https://mathworksheetkidslab.github.io/html/math-word-problem-worksheet-8413.html,https://mathworksheetkidslab.github.io/images/math-word-problem-worksheet-8413.jpg,Homeschool Math,04/02/2026 04:30:00 PM
Free 11 Addition Math Worksheet For Grade 3 With Answers - Part 85 | Printable Practice,Fun and engaging Addition worksheet for Grade 3. Perfect printable math practice.,https://mathworksheetkidslab.github.io/html/free-11-addition-math-worksheet-for-grade-3-with-answers-part-85-6786.html,https://mathworksheetkidslab.github.io/images/free-11-addition-math-worksheet-for-grade-3-with-answers-part-85-6786.jpg,Kids Math Worksheets,04/02/2026 08:29:00 PM
Printable Count and Color Worksheet for Preschool Kids,Free printable Count and Color worksheet for Preschool. Perfect for homeschool practice and classroom activities.,https://mathworksheetkidslab.github.io/html/printable-count-and-color-worksheet-for-preschool-kids-8446.html,https://mathworksheetkidslab.github.io/images/printable-count-and-color-worksheet-for-preschool-kids-8446.jpg,Kids Math Worksheets,04/03/2026 08:29:00 AM
Kindergarten Count The Objects Worksheet - Part 87 | Printable Practice,Free printable Counting Objects worksheet for Kindergarten. Perfect for homeschool practice and classroom activities.,https://mathworksheetkidslab.github.io/html/kindergarten-count-the-objects-worksheet-part-87-3505.html,https://mathworksheetkidslab.github.io/images/kindergarten-count-the-objects-worksheet-part-87-3505.jpg,Math Practice Printables,04/03/2026 11:02:00 AM
Printable Free 15 Division Math Worksheet For Grade 1 - Part 88 | Printable Practice,Fun and engaging Division worksheet for Grade 1. Perfect printable math practice.,https://mathworksheetkidslab.github.io/html/printable-free-15-division-math-worksheet-for-grade-1-part-88-2866.html,https://mathworksheetkidslab.github.io/images/printable-free-15-division-math-worksheet-for-grade-1-part-88-2866.jpg,Printable Worksheets,04/03/2026 01:33:00 PM
8 Math Challenge Practice Worksheet,Teachers and parents love this Math worksheet for Math. Download and print instantly.,https://mathworksheetkidslab.github.io/html/8-math-challenge-practice-worksheet-4117.html,https://mathworksheetkidslab.github.io/images/8-math-challenge-practice-worksheet-4117.jpg,Homeschool Math,04/03/2026 04:26:00 PM
Missing Number Math Worksheet,Fun and engaging Missing Number worksheet for Grade 1. Perfect printable math practice.,https://mathworksheetkidslab.github.io/html/missing-number-math-worksheet-6917.html,https://mathworksheetkidslab.github.io/images/missing-number-math-worksheet-6917.jpg,Printable Worksheets,04/03/2026 08:24:00 PM
Mixed Operations Math Worksheet,Printable Mixed Operations worksheet designed for Grade 3 students. Easy and fun math practice.,https://mathworksheetkidslab.github.io/html/mixed-operations-math-worksheet-5463.html,https://mathworksheetkidslab.github.io/images/mixed-operations-math-worksheet-5463.jpg,Elementary Math Activities,04/04/2026 08:24:00 AM
Printable Free 12 Multiplication Math Worksheet For Grade 1 - Part 92 | Printable Practice,Teachers and parents love this Multiplication worksheet for Grade 1. Download and print instantly.,https://mathworksheetkidslab.github.io/html/printable-free-12-multiplication-math-worksheet-for-grade-1-part-92-6035.html,https://mathworksheetkidslab.github.io/images/printable-free-12-multiplication-math-worksheet-for-grade-1-part-92-6035.jpg,Kids Math Worksheets,04/04/2026 11:00:00 AM
Printable Free 25 Subtraction Math Worksheet For Grade 3 - Part 93 | Printable Practice,Printable Subtraction worksheet designed for Grade 3 students. Easy and fun math practice.,https://mathworksheetkidslab.github.io/html/printable-free-25-subtraction-math-worksheet-for-grade-3-part-93-5110.html,https://mathworksheetkidslab.github.io/images/printable-free-25-subtraction-math-worksheet-for-grade-3-part-93-5110.jpg,Kids Math Worksheets,04/04/2026 01:26:00 PM
4 Times Table Worksheet For Grade 2 - Part 94 | Printable Practice,Teachers and parents love this Times Table worksheet for Grade 2. Download and print instantly.,https://mathworksheetkidslab.github.io/html/4-times-table-worksheet-for-grade-2-part-94-9535.html,https://mathworksheetkidslab.github.io/images/4-times-table-worksheet-for-grade-2-part-94-9535.jpg,Math Practice Printables,04/04/2026 04:38:00 PM
Printable Tracing Worksheet For Kids - Part 95 | Free Printable,Fun and engaging Tracing worksheet for Kindergarten. Perfect printable math practice.,https://mathworksheetkidslab.github.io/html/printable-tracing-worksheet-for-kids-part-95-4486.html,https://mathworksheetkidslab.github.io/images/printable-tracing-worksheet-for-kids-part-95-4486.jpg,Printable Worksheets,04/04/2026 08:34:00 PM
Math Word Problem Worksheet,Free printable Word Problem worksheet for Grade 3. Perfect for homeschool practice and classroom activities.,https://mathworksheetkidslab.github.io/html/math-word-problem-worksheet-1562.html,https://mathworksheetkidslab.github.io/images/math-word-problem-worksheet-1562.jpg,Math Practice Printables,04/05/2026 08:35:00 AM
Grade 3 Addition Practice Worksheet (23 Problems) - Part 97 | Printable Practice,Free printable Addition worksheet for Grade 3. Perfect for homeschool practice and classroom activities.,https://mathworksheetkidslab.github.io/html/grade-3-addition-practice-worksheet-23-problems-part-97-5034.html,https://mathworksheetkidslab.github.io/images/grade-3-addition-practice-worksheet-23-problems-part-97-5034.jpg,Homeschool Math,04/05/2026 11:00:00 AM
Free Grade 1 Count and Color Worksheet,Help kids master Count and Color with this printable worksheet for Grade 1. Great for daily math practice.,https://mathworksheetkidslab.github.io/html/free-grade-1-count-and-color-worksheet-9984.html,https://mathworksheetkidslab.github.io/images/free-grade-1-count-and-color-worksheet-9984.jpg,Homeschool Math,04/05/2026 01:28:00 PM
Pre-K Count The Objects Worksheet - Part 99 | Printable Practice,Fun and engaging Counting Objects worksheet for Pre-K. Perfect printable math practice.,https://mathworksheetkidslab.github.io/html/pre-k-count-the-objects-worksheet-part-99-7146.html,https://mathworksheetkidslab.github.io/images/pre-k-count-the-objects-worksheet-part-99-7146.jpg,Homeschool Math,04/05/2026 04:34:00 PM
Free 10 Division Math Worksheet For Grade 2 - Part 100 | Printable Practice,Printable Division worksheet designed for Grade 2 students. Easy and fun math practice.,https://mathworksheetkidslab.github.io/html/free-10-division-math-worksheet-for-grade-2-part-100-9440.html,https://mathworksheetkidslab.github.io/images/free-10-division-math-worksheet-for-grade-2-part-100-9440.jpg,Kids Math Worksheets,04/05/2026 08:36:00 PM
4 Mathematics Practice Test Worksheet for Practice,Teachers and parents love this Math worksheet for Math. Download and print instantly.,https://mathworksheetkidslab.github.io/html/4-mathematics-practice-test-worksheet-for-practice-7749.html,https://mathworksheetkidslab.github.io/images/4-mathematics-practice-test-worksheet-for-practice-7749.jpg,Elementary Math Activities,04/06/2026 08:33:00 AM
Missing Number Math Worksheet,Fun and engaging Missing Number worksheet for Grade 1. Perfect printable math practice.,https://mathworksheetkidslab.github.io/html/missing-number-math-worksheet-2948.html,https://mathworksheetkidslab.github.io/images/missing-number-math-worksheet-2948.jpg,Math Practice Printables,04/06/2026 11:00:00 AM
Mixed Operations Math Worksheet,Help kids master Mixed Operations with this printable worksheet for Grade 3. Great for daily math practice.,https://mathworksheetkidslab.github.io/html/mixed-operations-math-worksheet-4478.html,https://mathworksheetkidslab.github.io/images/mixed-operations-math-worksheet-4478.jpg,Printable Worksheets,04/06/2026 01:38:00 PM
Grade 2 Multiplication Practice Worksheet (30 Problems) - Part 104 | Printable Practice,Teachers and parents love this Multiplication worksheet for Grade 2. Download and print instantly.,https://mathworksheetkidslab.github.io/html/grade-2-multiplication-practice-worksheet-30-problems-part-104-8431.html,https://mathworksheetkidslab.github.io/images/grade-2-multiplication-practice-worksheet-30-problems-part-104-8431.jpg,Homeschool Math,04/06/2026 04:34:00 PM
Printable Free 27 Subtraction Math Worksheet For Grade 2 - Part 105 | Printable Practice,Help kids master Subtraction with this printable worksheet for Grade 2. Great for daily math practice.,https://mathworksheetkidslab.github.io/html/printable-free-27-subtraction-math-worksheet-for-grade-2-part-105-4662.html,https://mathworksheetkidslab.github.io/images/printable-free-27-subtraction-math-worksheet-for-grade-2-part-105-4662.jpg,Printable Worksheets,04/06/2026 08:31:00 PM
Printable 7 Times Table Worksheet For Grade 3 - Part 106 | Printable Practice,Fun and engaging Times Table worksheet for Grade 3. Perfect printable math practice.,https://mathworksheetkidslab.github.io/html/printable-7-times-table-worksheet-for-grade-3-part-106-7004.html,https://mathworksheetkidslab.github.io/images/printable-7-times-table-worksheet-for-grade-3-part-106-7004.jpg,Elementary Math Activities,04/07/2026 08:36:00 AM
Printable Tracing Worksheet For Kids - Part 107 | Free Printable,Help kids master Tracing with this printable worksheet for Preschool. Great for daily math practice.,https://mathworksheetkidslab.github.io/html/printable-tracing-worksheet-for-kids-part-107-3254.html,https://mathworksheetkidslab.github.io/images/printable-tracing-worksheet-for-kids-part-107-3254.jpg,Math Practice Printables,04/07/2026 11:02:00 AM
Math Word Problem Worksheet,Help kids master Word Problem with this printable worksheet for Grade 3. Great for daily math practice.,https://mathworksheetkidslab.github.io/html/math-word-problem-worksheet-5557.html,https://mathworksheetkidslab.github.io/images/math-word-problem-worksheet-5557.jpg,Math Practice Printables,04/07/2026 01:38:00 PM
Grade 3 Addition Practice Worksheet (11 Problems) - Part 109 | Printable Practice,Printable Addition worksheet designed for Grade 3 students. Easy and fun math practice.,https://mathworksheetkidslab.github.io/html/grade-3-addition-practice-worksheet-11-problems-part-109-8047.html,https://mathworksheetkidslab.github.io/images/grade-3-addition-practice-worksheet-11-problems-part-109-8047.jpg,Printable Worksheets,04/07/2026 04:25:00 PM
Printable Count and Color Worksheet for Grade 1 Kids,Printable Count and Color worksheet designed for Grade 1 students. Easy and fun math practice.,https://mathworksheetkidslab.github.io/html/printable-count-and-color-worksheet-for-grade-1-kids-5683.html,https://mathworksheetkidslab.github.io/images/printable-count-and-color-worksheet-for-grade-1-kids-5683.jpg,Homeschool Math,04/07/2026 08:34:00 PM
Kindergarten Count The Objects Worksheet - Part 111 | Printable Practice,Printable Counting Objects worksheet designed for Kindergarten students. Easy and fun math practice.,https://mathworksheetkidslab.github.io/html/kindergarten-count-the-objects-worksheet-part-111-4218.html,https://mathworksheetkidslab.github.io/images/kindergarten-count-the-objects-worksheet-part-111-4218.jpg,Math Practice Printables,04/08/2026 08:32:00 AM
Grade 2 Division Practice Worksheet (23 Problems) - Part 112 | Printable Practice,Free printable Division worksheet for Grade 2. Perfect for homeschool practice and classroom activities.,https://mathworksheetkidslab.github.io/html/grade-2-division-practice-worksheet-23-problems-part-112-1832.html,https://mathworksheetkidslab.github.io/images/grade-2-division-practice-worksheet-23-problems-part-112-1832.jpg,Math Practice Printables,04/08/2026 11:07:00 AM
General Knowledge Math Trivia for Students (4 Questions),Teachers and parents love this Math worksheet for Math. Download and print instantly.,https://mathworksheetkidslab.github.io/html/general-knowledge-math-trivia-for-students-4-questions-3319.html,https://mathworksheetkidslab.github.io/images/general-knowledge-math-trivia-for-students-4-questions-3319.jpg,Homeschool Math,04/08/2026 01:37:00 PM
Missing Number Math Worksheet,Fun and engaging Missing Number worksheet for Grade 1. Perfect printable math practice.,https://mathworksheetkidslab.github.io/html/missing-number-math-worksheet-9893.html,https://mathworksheetkidslab.github.io/images/missing-number-math-worksheet-9893.jpg,Kids Math Worksheets,04/08/2026 04:37:00 PM
Mixed Operations Math Worksheet,Teachers and parents love this Mixed Operations worksheet for Grade 3. Download and print instantly.,https://mathworksheetkidslab.github.io/html/mixed-operations-math-worksheet-6924.html,https://mathworksheetkidslab.github.io/images/mixed-operations-math-worksheet-6924.jpg,Homeschool Math,04/08/2026 08:25:00 PM
Free 23 Multiplication Math Worksheet For Grade 2 - Part 116 | Printable Practice,Teachers and parents love this Multiplication worksheet for Grade 2. Download and print instantly.,https://mathworksheetkidslab.github.io/html/free-23-multiplication-math-worksheet-for-grade-2-part-116-1249.html,https://mathworksheetkidslab.github.io/images/free-23-multiplication-math-worksheet-for-grade-2-part-116-1249.jpg,Kids Math Worksheets,04/09/2026 08:34:00 AM
Free 14 Subtraction Math Worksheet For Grade 5 With Answers - Part 117 | Printable Practice,Teachers and parents love this Subtraction worksheet for Grade 5. Download and print instantly.,https://mathworksheetkidslab.github.io/html/free-14-subtraction-math-worksheet-for-grade-5-with-answers-part-117-9248.html,https://mathworksheetkidslab.github.io/images/free-14-subtraction-math-worksheet-for-grade-5-with-answers-part-117-9248.jpg,Elementary Math Activities,04/09/2026 11:07:00 AM
Grade 3 Multiplication Table 7 Practice - Part 118 | Printable Practice,Printable Times Table worksheet designed for Grade 3 students. Easy and fun math practice.,https://mathworksheetkidslab.github.io/html/grade-3-multiplication-table-7-practice-part-118-6210.html,https://mathworksheetkidslab.github.io/images/grade-3-multiplication-table-7-practice-part-118-6210.jpg,Kids Math Worksheets,04/09/2026 01:29:00 PM
Printable Tracing Worksheet For Kids - Part 119 | Free Printable,Fun and engaging Tracing worksheet for Kindergarten. Perfect printable math practice.,https://mathworksheetkidslab.github.io/html/printable-tracing-worksheet-for-kids-part-119-7388.html,https://mathworksheetkidslab.github.io/images/printable-tracing-worksheet-for-kids-part-119-7388.jpg,Homeschool Math,04/09/2026 04:24:00 PM
Math Word Problem Worksheet,Printable Word Problem worksheet designed for Grade 3 students. Easy and fun math practice.,https://mathworksheetkidslab.github.io/html/math-word-problem-worksheet-7007.html,https://mathworksheetkidslab.github.io/images/math-word-problem-worksheet-7007.jpg,Elementary Math Activities,04/09/2026 08:27:00 PM
Free 27 Addition Math Worksheet For Grade 3 With Answers - Part 121 | Printable Practice,Printable Addition worksheet designed for Grade 3 students. Easy and fun math practice.,https://mathworksheetkidslab.github.io/html/free-27-addition-math-worksheet-for-grade-3-with-answers-part-121-3143.html,https://mathworksheetkidslab.github.io/images/free-27-addition-math-worksheet-for-grade-3-with-answers-part-121-3143.jpg,Printable Worksheets,04/10/2026 08:22:00 AM
Printable Count and Color Worksheet for Grade 1 Kids,Fun and engaging Count and Color worksheet for Grade 1. Perfect printable math practice.,https://mathworksheetkidslab.github.io/html/printable-count-and-color-worksheet-for-grade-1-kids-1237.html,https://mathworksheetkidslab.github.io/images/printable-count-and-color-worksheet-for-grade-1-kids-1237.jpg,Elementary Math Activities,04/10/2026 11:04:00 AM
Kindergarten Count The Objects Worksheet - Part 123 | Printable Practice,Teachers and parents love this Counting Objects worksheet for Kindergarten. Download and print instantly.,https://mathworksheetkidslab.github.io/html/kindergarten-count-the-objects-worksheet-part-123-4449.html,https://mathworksheetkidslab.github.io/images/kindergarten-count-the-objects-worksheet-part-123-4449.jpg,Kids Math Worksheets,04/10/2026 01:35:00 PM
Free 27 Division Math Worksheet For Grade 2 - Part 124 | Printable Practice,Fun and engaging Division worksheet for Grade 2. Perfect printable math practice.,https://mathworksheetkidslab.github.io/html/free-27-division-math-worksheet-for-grade-2-part-124-2600.html,https://mathworksheetkidslab.github.io/images/free-27-division-math-worksheet-for-grade-2-part-124-2600.jpg,Printable Worksheets,04/10/2026 04:36:00 PM
Free Printable Math Questions Worksheet,Printable Math worksheet designed for Math students. Easy and fun math practice.,https://mathworksheetkidslab.github.io/html/free-printable-math-questions-worksheet-3212.html,https://mathworksheetkidslab.github.io/images/free-printable-math-questions-worksheet-3212.jpg,Math Practice Printables,04/10/2026 08:25:00 PM
Missing Number Math Worksheet,Printable Missing Number worksheet designed for Grade 1 students. Easy and fun math practice.,https://mathworksheetkidslab.github.io/html/missing-number-math-worksheet-4247.html,https://mathworksheetkidslab.github.io/images/missing-number-math-worksheet-4247.jpg,Kids Math Worksheets,04/11/2026 08:37:00 AM
Mixed Operations Math Worksheet,Free printable Mixed Operations worksheet for Grade 3. Perfect for homeschool practice and classroom activities.,https://mathworksheetkidslab.github.io/html/mixed-operations-math-worksheet-6605.html,https://mathworksheetkidslab.github.io/images/mixed-operations-math-worksheet-6605.jpg,Kids Math Worksheets,04/11/2026 11:01:00 AM
Printable Free 14 Multiplication Math Worksheet For Grade 2 - Part 128 | Printable Practice,Fun and engaging Multiplication worksheet for Grade 2. Perfect printable math practice.,https://mathworksheetkidslab.github.io/html/printable-free-14-multiplication-math-worksheet-for-grade-2-part-128-9614.html,https://mathworksheetkidslab.github.io/images/printable-free-14-multiplication-math-worksheet-for-grade-2-part-128-9614.jpg,Elementary Math Activities,04/11/2026 01:31:00 PM
Free 11 Subtraction Math Worksheet For Grade 3 - Part 129 | Printable Practice,Teachers and parents love this Subtraction worksheet for Grade 3. Download and print instantly.,https://mathworksheetkidslab.github.io/html/free-11-subtraction-math-worksheet-for-grade-3-part-129-4372.html,https://mathworksheetkidslab.github.io/images/free-11-subtraction-math-worksheet-for-grade-3-part-129-4372.jpg,Kids Math Worksheets,04/11/2026 04:24:00 PM
Grade 2 Multiplication Table 3 Practice - Part 130 | Printable Practice,Teachers and parents love this Times Table worksheet for Grade 2. Download and print instantly.,https://mathworksheetkidslab.github.io/html/grade-2-multiplication-table-3-practice-part-130-5508.html,https://mathworksheetkidslab.github.io/images/grade-2-multiplication-table-3-practice-part-130-5508.jpg,Printable Worksheets,04/11/2026 08:30:00 PM
Printable Tracing Worksheet For Kids - Part 131 | Free Printable,Free printable Tracing worksheet for Preschool. Perfect for homeschool practice and classroom activities.,https://mathworksheetkidslab.github.io/html/printable-tracing-worksheet-for-kids-part-131-7015.html,https://mathworksheetkidslab.github.io/images/printable-tracing-worksheet-for-kids-part-131-7015.jpg,Math Practice Printables,04/12/2026 08:27:00 AM
Math Word Problem Worksheet,Free printable Word Problem worksheet for Grade 3. Perfect for homeschool practice and classroom activities.,https://mathworksheetkidslab.github.io/html/math-word-problem-worksheet-3281.html,https://mathworksheetkidslab.github.io/images/math-word-problem-worksheet-3281.jpg,Printable Worksheets,04/12/2026 11:00:00 AM
Free 28 Addition Math Worksheet For Grade 1 With Answers - Part 133 | Printable Practice,Help kids master Addition with this printable worksheet for Grade 1. Great for daily math practice.,https://mathworksheetkidslab.github.io/html/free-28-addition-math-worksheet-for-grade-1-with-answers-part-133-2036.html,https://mathworksheetkidslab.github.io/images/free-28-addition-math-worksheet-for-grade-1-with-answers-part-133-2036.jpg,Kids Math Worksheets,04/12/2026 01:23:00 PM
Printable Count and Color Worksheet for Grade 1 Kids,Printable Count and Color worksheet designed for Grade 1 students. Easy and fun math practice.,https://mathworksheetkidslab.github.io/html/printable-count-and-color-worksheet-for-grade-1-kids-7178.html,https://mathworksheetkidslab.github.io/images/printable-count-and-color-worksheet-for-grade-1-kids-7178.jpg,Math Practice Printables,04/12/2026 04:28:00 PM
Free Counting Objects Worksheet For Kindergarten - Part 135 | Printable Practice,Teachers and parents love this Counting Objects worksheet for Kindergarten. Download and print instantly.,https://mathworksheetkidslab.github.io/html/free-counting-objects-worksheet-for-kindergarten-part-135-7603.html,https://mathworksheetkidslab.github.io/images/free-counting-objects-worksheet-for-kindergarten-part-135-7603.jpg,Math Practice Printables,04/12/2026 08:32:00 PM
Free 27 Division Math Worksheet For Grade 2 - Part 136 | Printable Practice,Free printable Division worksheet for Grade 2. Perfect for homeschool practice and classroom activities.,https://mathworksheetkidslab.github.io/html/free-27-division-math-worksheet-for-grade-2-part-136-2191.html,https://mathworksheetkidslab.github.io/images/free-27-division-math-worksheet-for-grade-2-part-136-2191.jpg,Homeschool Math,04/13/2026 08:36:00 AM
4 Math Challenge Practice Worksheet,Free printable Math worksheet for Math. Perfect for homeschool practice and classroom activities.,https://mathworksheetkidslab.github.io/html/4-math-challenge-practice-worksheet-1120.html,https://mathworksheetkidslab.github.io/images/4-math-challenge-practice-worksheet-1120.jpg,Math Practice Printables,04/13/2026 11:01:00 AM
Missing Number Math Worksheet,Free printable Missing Number worksheet for Grade 1. Perfect for homeschool practice and classroom activities.,https://mathworksheetkidslab.github.io/html/missing-number-math-worksheet-2777.html,https://mathworksheetkidslab.github.io/images/missing-number-math-worksheet-2777.jpg,Printable Worksheets,04/13/2026 01:31:00 PM
Mixed Operations Math Worksheet,Teachers and parents love this Mixed Operations worksheet for Grade 3. Download and print instantly.,https://mathworksheetkidslab.github.io/html/mixed-operations-math-worksheet-8428.html,https://mathworksheetkidslab.github.io/images/mixed-operations-math-worksheet-8428.jpg,Kids Math Worksheets,04/13/2026 04:35:00 PM
Grade 2 Multiplication Practice Worksheet (27 Problems) - Part 140 | Printable Practice,Help kids master Multiplication with this printable worksheet for Grade 2. Great for daily math practice.,https://mathworksheetkidslab.github.io/html/grade-2-multiplication-practice-worksheet-27-problems-part-140-9605.html,https://mathworksheetkidslab.github.io/images/grade-2-multiplication-practice-worksheet-27-problems-part-140-9605.jpg,Printable Worksheets,04/13/2026 08:30:00 PM
Free 11 Subtraction Math Worksheet For Grade 5 - Part 141 | Printable Practice,Fun and engaging Subtraction worksheet for Grade 5. Perfect printable math practice.,https://mathworksheetkidslab.github.io/html/free-11-subtraction-math-worksheet-for-grade-5-part-141-2666.html,https://mathworksheetkidslab.github.io/images/free-11-subtraction-math-worksheet-for-grade-5-part-141-2666.jpg,Kids Math Worksheets,04/14/2026 08:29:00 AM
Grade 4 Multiplication Table 11 Practice - Part 142 | Printable Practice,Free printable Times Table worksheet for Grade 4. Perfect for homeschool practice and classroom activities.,https://mathworksheetkidslab.github.io/html/grade-4-multiplication-table-11-practice-part-142-6163.html,https://mathworksheetkidslab.github.io/images/grade-4-multiplication-table-11-practice-part-142-6163.jpg,Printable Worksheets,04/14/2026 11:06:00 AM
Printable Tracing Worksheet For Kids - Part 143 | Free Printable,Fun and engaging Tracing worksheet for Kindergarten. Perfect printable math practice.,https://mathworksheetkidslab.github.io/html/printable-tracing-worksheet-for-kids-part-143-7772.html,https://mathworksheetkidslab.github.io/images/printable-tracing-worksheet-for-kids-part-143-7772.jpg,Elementary Math Activities,04/14/2026 01:24:00 PM
Math Word Problem Worksheet,Fun and engaging Word Problem worksheet for Grade 3. Perfect printable math practice.,https://mathworksheetkidslab.github.io/html/math-word-problem-worksheet-4938.html,https://mathworksheetkidslab.github.io/images/math-word-problem-worksheet-4938.jpg,Elementary Math Activities,04/14/2026 04:24:00 PM
Free 14 Addition Math Worksheet For Grade 1 With Answers - Part 145 | Printable Practice,Help kids master Addition with this printable worksheet for Grade 1. Great for daily math practice.,https://mathworksheetkidslab.github.io/html/free-14-addition-math-worksheet-for-grade-1-with-answers-part-145-3829.html,https://mathworksheetkidslab.github.io/images/free-14-addition-math-worksheet-for-grade-1-with-answers-part-145-3829.jpg,Elementary Math Activities,04/14/2026 08:30:00 PM
4 Free Count and Color Worksheets for Preschool,Help kids master Count and Color with this printable worksheet for Preschool. Great for daily math practice.,https://mathworksheetkidslab.github.io/html/4-free-count-and-color-worksheets-for-preschool-9605.html,https://mathworksheetkidslab.github.io/images/4-free-count-and-color-worksheets-for-preschool-9605.jpg,Homeschool Math,04/15/2026 08:38:00 AM
Kindergarten Count The Objects Worksheet - Part 147 | Printable Practice,Help kids master Counting Objects with this printable worksheet for Kindergarten. Great for daily math practice.,https://mathworksheetkidslab.github.io/html/kindergarten-count-the-objects-worksheet-part-147-9435.html,https://mathworksheetkidslab.github.io/images/kindergarten-count-the-objects-worksheet-part-147-9435.jpg,Math Practice Printables,04/15/2026 11:00:00 AM
Free 18 Division Math Worksheet For Grade 2 With Answers - Part 148 | Printable Practice,Fun and engaging Division worksheet for Grade 2. Perfect printable math practice.,https://mathworksheetkidslab.github.io/html/free-18-division-math-worksheet-for-grade-2-with-answers-part-148-1515.html,https://mathworksheetkidslab.github.io/images/free-18-division-math-worksheet-for-grade-2-with-answers-part-148-1515.jpg,Kids Math Worksheets,04/15/2026 01:32:00 PM
General Knowledge Math Skill Test Training Worksheet,Free printable Math worksheet for Math. Perfect for homeschool practice and classroom activities.,https://mathworksheetkidslab.github.io/html/general-knowledge-math-skill-test-training-worksheet-3894.html,https://mathworksheetkidslab.github.io/images/general-knowledge-math-skill-test-training-worksheet-3894.jpg,Elementary Math Activities,04/15/2026 04:38:00 PM
Missing Number Math Worksheet,Fun and engaging Missing Number worksheet for Grade 1. Perfect printable math practice.,https://mathworksheetkidslab.github.io/html/missing-number-math-worksheet-1839.html,https://mathworksheetkidslab.github.io/images/missing-number-math-worksheet-1839.jpg,Printable Worksheets,04/15/2026 08:27:00 PM
Mixed Operations Math Worksheet,Teachers and parents love this Mixed Operations worksheet for Grade 3. Download and print instantly.,https://mathworksheetkidslab.github.io/html/mixed-operations-math-worksheet-5717.html,https://mathworksheetkidslab.github.io/images/mixed-operations-math-worksheet-5717.jpg,Kids Math Worksheets,04/16/2026 08:33:00 AM
Printable Free 20 Multiplication Math Worksheet For Grade 2 - Part 152 | Printable Practice,Teachers and parents love this Multiplication worksheet for Grade 2. Download and print instantly.,https://mathworksheetkidslab.github.io/html/printable-free-20-multiplication-math-worksheet-for-grade-2-part-152-1163.html,https://mathworksheetkidslab.github.io/images/printable-free-20-multiplication-math-worksheet-for-grade-2-part-152-1163.jpg,Kids Math Worksheets,04/16/2026 11:00:00 AM
Grade 5 Subtraction Practice Worksheet (19 Problems) - Part 153 | Printable Practice,Printable Subtraction worksheet designed for Grade 5 students. Easy and fun math practice.,https://mathworksheetkidslab.github.io/html/grade-5-subtraction-practice-worksheet-19-problems-part-153-2076.html,https://mathworksheetkidslab.github.io/images/grade-5-subtraction-practice-worksheet-19-problems-part-153-2076.jpg,Printable Worksheets,04/16/2026 01:22:00 PM
10 Times Table Worksheet For Grade 3 - Part 154 | Printable Practice,Free printable Times Table worksheet for Grade 3. Perfect for homeschool practice and classroom activities.,https://mathworksheetkidslab.github.io/html/10-times-table-worksheet-for-grade-3-part-154-9547.html,https://mathworksheetkidslab.github.io/images/10-times-table-worksheet-for-grade-3-part-154-9547.jpg,Homeschool Math,04/16/2026 04:38:00 PM
Printable Tracing Worksheet For Kids - Part 155 | Free Printable,Free printable Tracing worksheet for Preschool. Perfect for homeschool practice and classroom activities.,https://mathworksheetkidslab.github.io/html/printable-tracing-worksheet-for-kids-part-155-6897.html,https://mathworksheetkidslab.github.io/images/printable-tracing-worksheet-for-kids-part-155-6897.jpg,Elementary Math Activities,04/16/2026 08:36:00 PM
Math Word Problem Worksheet,Help kids master Word Problem with this printable worksheet for Grade 3. Great for daily math practice.,https://mathworksheetkidslab.github.io/html/math-word-problem-worksheet-8076.html,https://mathworksheetkidslab.github.io/images/math-word-problem-worksheet-8076.jpg,Math Practice Printables,04/17/2026 08:30:00 AM
Free 16 Addition Math Worksheet For Grade 5 - Part 157 | Printable Practice,Printable Addition worksheet designed for Grade 5 students. Easy and fun math practice.,https://mathworksheetkidslab.github.io/html/free-16-addition-math-worksheet-for-grade-5-part-157-4617.html,https://mathworksheetkidslab.github.io/images/free-16-addition-math-worksheet-for-grade-5-part-157-4617.jpg,Elementary Math Activities,04/17/2026 11:01:00 AM
Printable Count and Color Worksheet for Kindergarten Kids,Printable Count and Color worksheet designed for Kindergarten students. Easy and fun math practice.,https://mathworksheetkidslab.github.io/html/printable-count-and-color-worksheet-for-kindergarten-kids-9989.html,https://mathworksheetkidslab.github.io/images/printable-count-and-color-worksheet-for-kindergarten-kids-9989.jpg,Kids Math Worksheets,04/17/2026 01:32:00 PM
Learn Counting With Pictures Worksheet (Pre-K) - Part 159 | Printable Practice,Free printable Counting Objects worksheet for Pre-K. Perfect for homeschool practice and classroom activities.,https://mathworksheetkidslab.github.io/html/learn-counting-with-pictures-worksheet-pre-k-part-159-4888.html,https://mathworksheetkidslab.github.io/images/learn-counting-with-pictures-worksheet-pre-k-part-159-4888.jpg,Homeschool Math,04/17/2026 04:33:00 PM
Free 13 Division Math Worksheet For Grade 1 With Answers - Part 160 | Printable Practice,Help kids master Division with this printable worksheet for Grade 1. Great for daily math practice.,https://mathworksheetkidslab.github.io/html/free-13-division-math-worksheet-for-grade-1-with-answers-part-160-8978.html,https://mathworksheetkidslab.github.io/images/free-13-division-math-worksheet-for-grade-1-with-answers-part-160-8978.jpg,Homeschool Math,04/17/2026 08:38:00 PM
Printable Mathematics Problem Set Worksheet,Free printable Math worksheet for Math. Perfect for homeschool practice and classroom activities.,https://mathworksheetkidslab.github.io/html/printable-mathematics-problem-set-worksheet-3468.html,https://mathworksheetkidslab.github.io/images/printable-mathematics-problem-set-worksheet-3468.jpg,Elementary Math Activities,04/18/2026 08:29:00 AM
Missing Number Math Worksheet,Fun and engaging Missing Number worksheet for Grade 1. Perfect printable math practice.,https://mathworksheetkidslab.github.io/html/missing-number-math-worksheet-4426.html,https://mathworksheetkidslab.github.io/images/missing-number-math-worksheet-4426.jpg,Math Practice Printables,04/18/2026 11:00:00 AM
Mixed Operations Math Worksheet,Teachers and parents love this Mixed Operations worksheet for Grade 3. Download and print instantly.,https://mathworksheetkidslab.github.io/html/mixed-operations-math-worksheet-3603.html,https://mathworksheetkidslab.github.io/images/mixed-operations-math-worksheet-3603.jpg,Kids Math Worksheets,04/18/2026 01:35:00 PM
Free 20 Multiplication Math Worksheet For Grade 2 - Part 164 | Printable Practice,Fun and engaging Multiplication worksheet for Grade 2. Perfect printable math practice.,https://mathworksheetkidslab.github.io/html/free-20-multiplication-math-worksheet-for-grade-2-part-164-6304.html,https://mathworksheetkidslab.github.io/images/free-20-multiplication-math-worksheet-for-grade-2-part-164-6304.jpg,Printable Worksheets,04/18/2026 04:25:00 PM
Printable Free 24 Subtraction Math Worksheet For Grade 5 - Part 165 | Printable Practice,Help kids master Subtraction with this printable worksheet for Grade 5. Great for daily math practice.,https://mathworksheetkidslab.github.io/html/printable-free-24-subtraction-math-worksheet-for-grade-5-part-165-6222.html,https://mathworksheetkidslab.github.io/images/printable-free-24-subtraction-math-worksheet-for-grade-5-part-165-6222.jpg,Math Practice Printables,04/18/2026 08:29:00 PM
9 Times Table Worksheet For Grade 3 - Part 166 | Printable Practice,Fun and engaging Times Table worksheet for Grade 3. Perfect printable math practice.,https://mathworksheetkidslab.github.io/html/9-times-table-worksheet-for-grade-3-part-166-6338.html,https://mathworksheetkidslab.github.io/images/9-times-table-worksheet-for-grade-3-part-166-6338.jpg,Printable Worksheets,04/19/2026 08:24:00 AM
Printable Tracing Worksheet For Kids - Part 167 | Free Printable,Fun and engaging Tracing worksheet for Preschool. Perfect printable math practice.,https://mathworksheetkidslab.github.io/html/printable-tracing-worksheet-for-kids-part-167-2028.html,https://mathworksheetkidslab.github.io/images/printable-tracing-worksheet-for-kids-part-167-2028.jpg,Math Practice Printables,04/19/2026 11:00:00 AM
Math Word Problem Worksheet,Fun and engaging Word Problem worksheet for Grade 3. Perfect printable math practice.,https://mathworksheetkidslab.github.io/html/math-word-problem-worksheet-6203.html,https://mathworksheetkidslab.github.io/images/math-word-problem-worksheet-6203.jpg,Homeschool Math,04/19/2026 01:31:00 PM
Printable Free 23 Addition Math Worksheet For Grade 1 - Part 169 | Printable Practice,Printable Addition worksheet designed for Grade 1 students. Easy and fun math practice.,https://mathworksheetkidslab.github.io/html/printable-free-23-addition-math-worksheet-for-grade-1-part-169-6708.html,https://mathworksheetkidslab.github.io/images/printable-free-23-addition-math-worksheet-for-grade-1-part-169-6708.jpg,Math Practice Printables,04/19/2026 04:36:00 PM
"Count and Color Circle, Car, Car Worksheet for Kids",Free printable Count and Color worksheet for Preschool. Perfect for homeschool practice and classroom activities.,https://mathworksheetkidslab.github.io/html/count-and-color-circle-car-car-worksheet-for-kids-4831.html,https://mathworksheetkidslab.github.io/images/count-and-color-circle-car-car-worksheet-for-kids-4831.jpg,Homeschool Math,04/19/2026 08:23:00 PM
Free Counting Objects Worksheet For Kindergarten Printable - Part 171 | Printable Practice,Printable Counting Objects worksheet designed for Kindergarten students. Easy and fun math practice.,https://mathworksheetkidslab.github.io/html/free-counting-objects-worksheet-for-kindergarten-printable-part-171-1305.html,https://mathworksheetkidslab.github.io/images/free-counting-objects-worksheet-for-kindergarten-printable-part-171-1305.jpg,Elementary Math Activities,04/20/2026 08:36:00 AM
Printable Free 15 Division Math Worksheet For Grade 2 - Part 172 | Printable Practice,Help kids master Division with this printable worksheet for Grade 2. Great for daily math practice.,https://mathworksheetkidslab.github.io/html/printable-free-15-division-math-worksheet-for-grade-2-part-172-6232.html,https://mathworksheetkidslab.github.io/images/printable-free-15-division-math-worksheet-for-grade-2-part-172-6232.jpg,Math Practice Printables,04/20/2026 11:07:00 AM
4 Mathematics Practice Practice Worksheet,Teachers and parents love this Math worksheet for Math. Download and print instantly.,https://mathworksheetkidslab.github.io/html/4-mathematics-practice-practice-worksheet-6677.html,https://mathworksheetkidslab.github.io/images/4-mathematics-practice-practice-worksheet-6677.jpg,Math Practice Printables,04/20/2026 01:37:00 PM
Missing Number Math Worksheet,Teachers and parents love this Missing Number worksheet for Grade 1. Download and print instantly.,https://mathworksheetkidslab.github.io/html/missing-number-math-worksheet-4339.html,https://mathworksheetkidslab.github.io/images/missing-number-math-worksheet-4339.jpg,Homeschool Math,04/20/2026 04:23:00 PM
Mixed Operations Math Worksheet,Free printable Mixed Operations worksheet for Grade 3. Perfect for homeschool practice and classroom activities.,https://mathworksheetkidslab.github.io/html/mixed-operations-math-worksheet-2609.html,https://mathworksheetkidslab.github.io/images/mixed-operations-math-worksheet-2609.jpg,Homeschool Math,04/20/2026 08:29:00 PM
Free 29 Multiplication Math Worksheet For Grade 2 - Part 176 | Printable Practice,Printable Multiplication worksheet designed for Grade 2 students. Easy and fun math practice.,https://mathworksheetkidslab.github.io/html/free-29-multiplication-math-worksheet-for-grade-2-part-176-6842.html,https://mathworksheetkidslab.github.io/images/free-29-multiplication-math-worksheet-for-grade-2-part-176-6842.jpg,Math Practice Printables,04/21/2026 08:24:00 AM
Grade 3 Subtraction Practice Worksheet (21 Problems) - Part 177 | Printable Practice,Teachers and parents love this Subtraction worksheet for Grade 3. Download and print instantly.,https://mathworksheetkidslab.github.io/html/grade-3-subtraction-practice-worksheet-21-problems-part-177-6928.html,https://mathworksheetkidslab.github.io/images/grade-3-subtraction-practice-worksheet-21-problems-part-177-6928.jpg,Elementary Math Activities,04/21/2026 11:00:00 AM
Printable 8 Times Table Worksheet For Grade 3 - Part 178 | Printable Practice,Teachers and parents love this Times Table worksheet for Grade 3. Download and print instantly.,https://mathworksheetkidslab.github.io/html/printable-8-times-table-worksheet-for-grade-3-part-178-5076.html,https://mathworksheetkidslab.github.io/images/printable-8-times-table-worksheet-for-grade-3-part-178-5076.jpg,Printable Worksheets,04/21/2026 01:25:00 PM
Printable Tracing Worksheet For Kids - Part 179 | Free Printable,Teachers and parents love this Tracing worksheet for Kindergarten. Download and print instantly.,https://mathworksheetkidslab.github.io/html/printable-tracing-worksheet-for-kids-part-179-6241.html,https://mathworksheetkidslab.github.io/images/printable-tracing-worksheet-for-kids-part-179-6241.jpg,Printable Worksheets,04/21/2026 04:32:00 PM
Math Word Problem Worksheet,Fun and engaging Word Problem worksheet for Grade 3. Perfect printable math practice.,https://mathworksheetkidslab.github.io/html/math-word-problem-worksheet-4395.html,https://mathworksheetkidslab.github.io/images/math-word-problem-worksheet-4395.jpg,Homeschool Math,04/21/2026 08:35:00 PM
Free 14 Addition Math Worksheet For Grade 3 - Part 181 | Printable Practice,Teachers and parents love this Addition worksheet for Grade 3. Download and print instantly.,https://mathworksheetkidslab.github.io/html/free-14-addition-math-worksheet-for-grade-3-part-181-5428.html,https://mathworksheetkidslab.github.io/images/free-14-addition-math-worksheet-for-grade-3-part-181-5428.jpg,Elementary Math Activities,04/22/2026 08:33:00 AM
3 Free Count and Color Worksheets for Grade 1,Printable Count and Color worksheet designed for Grade 1 students. Easy and fun math practice.,https://mathworksheetkidslab.github.io/html/3-free-count-and-color-worksheets-for-grade-1-4278.html,https://mathworksheetkidslab.github.io/images/3-free-count-and-color-worksheets-for-grade-1-4278.jpg,Printable Worksheets,04/22/2026 11:00:00 AM
Pre-K Count The Objects Worksheet - Part 183 | Printable Practice,Teachers and parents love this Counting Objects worksheet for Pre-K. Download and print instantly.,https://mathworksheetkidslab.github.io/html/pre-k-count-the-objects-worksheet-part-183-1844.html,https://mathworksheetkidslab.github.io/images/pre-k-count-the-objects-worksheet-part-183-1844.jpg,Elementary Math Activities,04/22/2026 01:33:00 PM
Grade 1 Division Practice Worksheet (11 Problems) - Part 184 | Printable Practice,Printable Division worksheet designed for Grade 1 students. Easy and fun math practice.,https://mathworksheetkidslab.github.io/html/grade-1-division-practice-worksheet-11-problems-part-184-3271.html,https://mathworksheetkidslab.github.io/images/grade-1-division-practice-worksheet-11-problems-part-184-3271.jpg,Homeschool Math,04/22/2026 04:26:00 PM
General Knowledge Math Challenge Worksheet (4 Questions),Free printable Math worksheet for Math. Perfect for homeschool practice and classroom activities.,https://mathworksheetkidslab.github.io/html/general-knowledge-math-challenge-worksheet-4-questions-9683.html,https://mathworksheetkidslab.github.io/images/general-knowledge-math-challenge-worksheet-4-questions-9683.jpg,Elementary Math Activities,04/22/2026 08:37:00 PM
Missing Number Math Worksheet,Free printable Missing Number worksheet for Grade 1. Perfect for homeschool practice and classroom activities.,https://mathworksheetkidslab.github.io/html/missing-number-math-worksheet-9923.html,https://mathworksheetkidslab.github.io/images/missing-number-math-worksheet-9923.jpg,Homeschool Math,04/23/2026 08:38:00 AM
Mixed Operations Math Worksheet,Fun and engaging Mixed Operations worksheet for Grade 3. Perfect printable math practice.,https://mathworksheetkidslab.github.io/html/mixed-operations-math-worksheet-9887.html,https://mathworksheetkidslab.github.io/images/mixed-operations-math-worksheet-9887.jpg,Math Practice Printables,04/23/2026 11:04:00 AM
Printable Free 11 Multiplication Math Worksheet For Grade 1 - Part 188 | Printable Practice,Free printable Multiplication worksheet for Grade 1. Perfect for homeschool practice and classroom activities.,https://mathworksheetkidslab.github.io/html/printable-free-11-multiplication-math-worksheet-for-grade-1-part-188-9184.html,https://mathworksheetkidslab.github.io/images/printable-free-11-multiplication-math-worksheet-for-grade-1-part-188-9184.jpg,Elementary Math Activities,04/23/2026 01:28:00 PM
Printable Free 18 Subtraction Math Worksheet For Grade 3 - Part 189 | Printable Practice,Fun and engaging Subtraction worksheet for Grade 3. Perfect printable math practice.,https://mathworksheetkidslab.github.io/html/printable-free-18-subtraction-math-worksheet-for-grade-3-part-189-3152.html,https://mathworksheetkidslab.github.io/images/printable-free-18-subtraction-math-worksheet-for-grade-3-part-189-3152.jpg,Elementary Math Activities,04/23/2026 04:22:00 PM
Printable 5 Times Table Worksheet For Grade 2 - Part 190 | Printable Practice,Free printable Times Table worksheet for Grade 2. Perfect for homeschool practice and classroom activities.,https://mathworksheetkidslab.github.io/html/printable-5-times-table-worksheet-for-grade-2-part-190-2632.html,https://mathworksheetkidslab.github.io/images/printable-5-times-table-worksheet-for-grade-2-part-190-2632.jpg,Kids Math Worksheets,04/23/2026 08:25:00 PM
Printable Tracing Worksheet For Kids - Part 191 | Free Printable,Free printable Tracing worksheet for Preschool. Perfect for homeschool practice and classroom activities.,https://mathworksheetkidslab.github.io/html/printable-tracing-worksheet-for-kids-part-191-9718.html,https://mathworksheetkidslab.github.io/images/printable-tracing-worksheet-for-kids-part-191-9718.jpg,Math Practice Printables,04/24/2026 08:24:00 AM
Math Word Problem Worksheet,Free printable Word Problem worksheet for Grade 3. Perfect for homeschool practice and classroom activities.,https://mathworksheetkidslab.github.io/html/math-word-problem-worksheet-2746.html,https://mathworksheetkidslab.github.io/images/math-word-problem-worksheet-2746.jpg,Math Practice Printables,04/24/2026 11:07:00 AM
Free 10 Addition Math Worksheet For Grade 1 - Part 193 | Printable Practice,Free printable Addition worksheet for Grade 1. Perfect for homeschool practice and classroom activities.,https://mathworksheetkidslab.github.io/html/free-10-addition-math-worksheet-for-grade-1-part-193-6983.html,https://mathworksheetkidslab.github.io/images/free-10-addition-math-worksheet-for-grade-1-part-193-6983.jpg,Kids Math Worksheets,04/24/2026 01:30:00 PM
Free Kindergarten Count and Color Worksheet,Fun and engaging Count and Color worksheet for Kindergarten. Perfect printable math practice.,https://mathworksheetkidslab.github.io/html/free-kindergarten-count-and-color-worksheet-7898.html,https://mathworksheetkidslab.github.io/images/free-kindergarten-count-and-color-worksheet-7898.jpg,Kids Math Worksheets,04/24/2026 04:31:00 PM
Free Counting Objects Worksheet For Kindergarten Printable - Part 195 | Printable Practice,Teachers and parents love this Counting Objects worksheet for Kindergarten. Download and print instantly.,https://mathworksheetkidslab.github.io/html/free-counting-objects-worksheet-for-kindergarten-printable-part-195-3919.html,https://mathworksheetkidslab.github.io/images/free-counting-objects-worksheet-for-kindergarten-printable-part-195-3919.jpg,Printable Worksheets,04/24/2026 08:25:00 PM
Grade 2 Division Practice Worksheet (23 Problems) - Part 196 | Printable Practice,Printable Division worksheet designed for Grade 2 students. Easy and fun math practice.,https://mathworksheetkidslab.github.io/html/grade-2-division-practice-worksheet-23-problems-part-196-9432.html,https://mathworksheetkidslab.github.io/images/grade-2-division-practice-worksheet-23-problems-part-196-9432.jpg,Homeschool Math,04/25/2026 08:22:00 AM
7 Mathematics Practice,Printable Math worksheet designed for Math students. Easy and fun math practice.,https://mathworksheetkidslab.github.io/html/7-mathematics-practice-1849.html,https://mathworksheetkidslab.github.io/images/7-mathematics-practice-1849.jpg,Printable Worksheets,04/25/2026 11:06:00 AM
Missing Number Math Worksheet,Free printable Missing Number worksheet for Grade 1. Perfect for homeschool practice and classroom activities.,https://mathworksheetkidslab.github.io/html/missing-number-math-worksheet-5271.html,https://mathworksheetkidslab.github.io/images/missing-number-math-worksheet-5271.jpg,Elementary Math Activities,04/25/2026 01:23:00 PM
Mixed Operations Math Worksheet,Fun and engaging Mixed Operations worksheet for Grade 3. Perfect printable math practice.,https://mathworksheetkidslab.github.io/html/mixed-operations-math-worksheet-4487.html,https://mathworksheetkidslab.github.io/images/mixed-operations-math-worksheet-4487.jpg,Math Practice Printables,04/25/2026 04:37:00 PM
Printable Free 13 Multiplication Math Worksheet For Grade 2 - Part 200 | Printable Practice,Teachers and parents love this Multiplication worksheet for Grade 2. Download and print instantly.,https://mathworksheetkidslab.github.io/html/printable-free-13-multiplication-math-worksheet-for-grade-2-part-200-8505.html,https://mathworksheetkidslab.github.io/images/printable-free-13-multiplication-math-worksheet-for-grade-2-part-200-8505.jpg,Elementary Math Activities,04/25/2026 08:37:00 PM
